{"cameraMode":{"drawMode":0,"name":"Shaded","section":"Shading Mode"},"sceneLighting":false,"audioPlay":false,"sceneViewState":{"showFog":true,"showMaterialUpdate":true,"showSkybox":false,"showFlares":true,"showImageEffects":true,"showParticleSystems":true},"in2DMode":false,"pivot":{"x":-88.38690948486328,"y":-0.5999984741210938,"z":-34.60383605957031},"rotation":{"x":-0.08821133524179459,"y":-0.8979750871658325,"z":0.21098172664642335,"w":-0.37610483169555666},"size":246.44381713867188,"orthographic":false}