{"cameraMode":{"drawMode":0,"name":"Shaded","section":"Shading Mode"},"sceneLighting":false,"audioPlay":false,"sceneViewState":{"showFog":true,"showMaterialUpdate":true,"showSkybox":false,"showFlares":true,"showImageEffects":true,"showParticleSystems":true},"in2DMode":false,"pivot":{"x":459.0999755859375,"y":283.20001220703127,"z":-22.299999237060548},"rotation":{"x":-0.12176286429166794,"y":-0.3603547513484955,"z":0.04760727286338806,"w":-0.9236519932746887},"size":179.41441345214845,"orthographic":false}