{"cameraMode":{"drawMode":0,"name":"Shaded","section":"Shading Mode"},"sceneLighting":false,"audioPlay":false,"sceneViewState":{"showFog":true,"showMaterialUpdate":true,"showSkybox":false,"showFlares":true,"showImageEffects":true,"showParticleSystems":true},"in2DMode":false,"pivot":{"x":480.5,"y":408.29998779296877,"z":10.29996109008789},"rotation":{"x":0.004488452337682247,"y":0.07134433835744858,"z":-0.0004451049317140132,"w":0.9974904656410217},"size":85.63772583007813,"orthographic":false}