{"cameraMode":{"drawMode":0,"name":"Shaded","section":"Shading Mode"},"sceneLighting":false,"audioPlay":false,"sceneViewState":{"showFog":true,"showMaterialUpdate":true,"showSkybox":false,"showFlares":true,"showImageEffects":true,"showParticleSystems":true},"in2DMode":false,"pivot":{"x":-232.77874755859376,"y":2.1123604774475099,"z":-0.6547999382019043},"rotation":{"x":-0.17429523169994355,"y":-0.2617490887641907,"z":0.048115964978933337,"w":-0.9480764865875244},"size":5.7219414710998539,"orthographic":false}