{"cameraMode":{"drawMode":0,"name":"Shaded","section":"Shading Mode"},"sceneLighting":true,"audioPlay":false,"sceneViewState":{"showFog":true,"showMaterialUpdate":true,"showSkybox":true,"showFlares":true,"showImageEffects":true,"showParticleSystems":true},"in2DMode":false,"pivot":{"x":558.6778564453125,"y":404.197509765625,"z":-823.8838500976563},"rotation":{"x":0.22556152939796449,"y":-0.2758946418762207,"z":0.06602052599191666,"w":0.9321606159210205},"size":36.34938430786133,"orthographic":false}