{"cameraMode":{"drawMode":0,"name":"Shaded","section":"Shading Mode"},"sceneLighting":true,"audioPlay":false,"sceneViewState":{"showFog":true,"showMaterialUpdate":true,"showSkybox":true,"showFlares":true,"showImageEffects":true,"showParticleSystems":true},"in2DMode":false,"pivot":{"x":-76.67791748046875,"y":-324.2132568359375,"z":-174.466796875},"rotation":{"x":0.12144573777914047,"y":0.8699114322662354,"z":-0.39523744583129885,"w":0.26934146881103518},"size":2062.177490234375,"orthographic":false}