{"cameraMode":{"drawMode":0,"name":"Shaded","section":"Shading Mode"},"sceneLighting":true,"audioPlay":false,"sceneViewState":{"showFog":true,"showMaterialUpdate":true,"showSkybox":true,"showFlares":true,"showImageEffects":true,"showParticleSystems":true},"in2DMode":false,"pivot":{"x":-84.40706634521485,"y":111.71343994140625,"z":1051.387451171875},"rotation":{"x":0.016724374145269395,"y":-0.04009275510907173,"z":0.000003729374611793901,"w":0.9992015361785889},"size":1534.82958984375,"orthographic":false}