{"cameraMode":{"drawMode":0,"name":"Shaded","section":"Shading Mode"},"sceneLighting":false,"audioPlay":false,"sceneViewState":{"showFog":true,"showMaterialUpdate":true,"showSkybox":false,"showFlares":true,"showImageEffects":true,"showParticleSystems":true},"in2DMode":false,"pivot":{"x":0.0002677440643310547,"y":0.6378374695777893,"z":-1.01920747756958},"rotation":{"x":-0.00025877344887703657,"y":0.9999049305915833,"z":-0.009007799439132214,"w":-0.020113512873649598},"size":12.091490745544434,"orthographic":false}