{"cameraMode":{"drawMode":0,"name":"Shaded","section":"Shading Mode"},"sceneLighting":false,"audioPlay":false,"sceneViewState":{"showFog":true,"showMaterialUpdate":true,"showSkybox":false,"showFlares":true,"showImageEffects":true,"showParticleSystems":true},"in2DMode":false,"pivot":{"x":516.7999877929688,"y":-80.50003051757813,"z":-75.95501708984375},"rotation":{"x":0.0975184440612793,"y":-0.039966002106666568,"z":0.0031773222144693138,"w":0.9945605397224426},"size":2088.0693359375,"orthographic":false}