{"cameraMode":{"drawMode":0,"name":"Shaded","section":"Shading Mode"},"sceneLighting":false,"audioPlay":false,"sceneViewState":{"showFog":true,"showMaterialUpdate":true,"showSkybox":false,"showFlares":true,"showImageEffects":true,"showParticleSystems":true},"in2DMode":false,"pivot":{"x":-110.84000396728516,"y":1.0279998779296876,"z":0.0},"rotation":{"x":0.12144573777914047,"y":0.8699114322662354,"z":-0.39523744583129885,"w":0.26934146881103518},"size":405.2831726074219,"orthographic":false}