{"cameraMode":{"drawMode":0,"name":"Shaded","section":"Shading Mode"},"sceneLighting":false,"audioPlay":false,"sceneViewState":{"showFog":true,"showMaterialUpdate":true,"showSkybox":false,"showFlares":true,"showImageEffects":true,"showParticleSystems":true},"in2DMode":false,"pivot":{"x":-0.48320579528808596,"y":6.577606201171875,"z":2.5604515075683595},"rotation":{"x":-0.08399274200201035,"y":-0.19830867648124696,"z":0.017055360600352289,"w":-0.976414144039154},"size":22.0,"orthographic":false}