{"cameraMode":{"drawMode":0,"name":"Shaded","section":"Shading Mode"},"sceneLighting":false,"audioPlay":false,"sceneViewState":{"showFog":true,"showMaterialUpdate":true,"showSkybox":false,"showFlares":true,"showImageEffects":true,"showParticleSystems":true},"in2DMode":false,"pivot":{"x":607.4000244140625,"y":343.8999938964844,"z":13.699999809265137},"rotation":{"x":-0.12176286429166794,"y":-0.3603547513484955,"z":0.04760727286338806,"w":-0.9236519932746887},"size":91.1912841796875,"orthographic":false}