{"cameraMode":{"drawMode":0,"name":"Shaded","section":"Shading Mode"},"sceneLighting":true,"audioPlay":false,"sceneViewState":{"showFog":true,"showMaterialUpdate":true,"showSkybox":true,"showFlares":true,"showImageEffects":true,"showParticleSystems":true},"in2DMode":false,"pivot":{"x":-65.19871520996094,"y":67.85550689697266,"z":-441.60125732421877},"rotation":{"x":-0.05837621912360191,"y":-0.010863225907087326,"z":0.0011261095060035587,"w":-0.9983838796615601},"size":375.7196044921875,"orthographic":false}