{"cameraMode":{"drawMode":0,"name":"Shaded","section":"Shading Mode"},"sceneLighting":false,"audioPlay":false,"sceneViewState":{"showFog":true,"showMaterialUpdate":true,"showSkybox":false,"showFlares":true,"showImageEffects":true,"showParticleSystems":true},"in2DMode":false,"pivot":{"x":727.2877807617188,"y":254.26791381835938,"z":20.600000381469728},"rotation":{"x":0.004488452337682247,"y":0.07134433835744858,"z":-0.0004451049317140132,"w":0.9974904656410217},"size":706.1920166015625,"orthographic":false}