{"cameraMode":{"drawMode":0,"name":"Shaded","section":"Shading Mode"},"sceneLighting":false,"audioPlay":false,"sceneViewState":{"showFog":true,"showMaterialUpdate":true,"showSkybox":false,"showFlares":true,"showImageEffects":true,"showParticleSystems":true},"in2DMode":false,"pivot":{"x":516.7999877929688,"y":-80.50003051757813,"z":-17.414154052734376},"rotation":{"x":0.002896681195124984,"y":-0.9973805546760559,"z":-0.03387156501412392,"w":-0.06609708815813065},"size":2078.570068359375,"orthographic":false}