{"cameraMode":{"drawMode":0,"name":"Shaded","section":"Shading Mode"},"sceneLighting":true,"audioPlay":false,"sceneViewState":{"showFog":true,"showMaterialUpdate":true,"showSkybox":true,"showFlares":true,"showImageEffects":true,"showParticleSystems":true},"in2DMode":false,"pivot":{"x":4.29315710067749,"y":-27.257564544677736,"z":-75.49900817871094},"rotation":{"x":-0.005932709667831659,"y":-0.9811215996742249,"z":0.19195467233657838,"w":-0.030004221946001054},"size":91.30744934082031,"orthographic":false}