{"cameraMode":{"drawMode":0,"name":"Shaded","section":"Shading Mode"},"sceneLighting":true,"audioPlay":false,"sceneViewState":{"showFog":true,"showMaterialUpdate":true,"showSkybox":true,"showFlares":true,"showImageEffects":true,"showParticleSystems":true},"in2DMode":false,"pivot":{"x":-0.88174968957901,"y":-0.36024209856987,"z":0.3218788504600525},"rotation":{"x":-0.15715153515338899,"y":0.5660198926925659,"z":-0.11088263243436814,"w":-0.8018192052841187},"size":1.1742806434631348,"orthographic":false}