{"cameraMode":{"drawMode":0,"name":"Shaded","section":"Shading Mode"},"sceneLighting":true,"audioPlay":false,"sceneViewState":{"showFog":true,"showMaterialUpdate":true,"showSkybox":true,"showFlares":true,"showImageEffects":true,"showParticleSystems":true},"in2DMode":false,"pivot":{"x":-0.3658655881881714,"y":0.7774678468704224,"z":-0.9707366228103638},"rotation":{"x":-0.006594324484467506,"y":0.9932280778884888,"z":-0.0962468683719635,"w":-0.06653336435556412},"size":6.94543981552124,"orthographic":false}