{"cameraMode":{"drawMode":0,"name":"Shaded","section":"Shading Mode"},"sceneLighting":true,"audioPlay":false,"sceneViewState":{"showFog":true,"showMaterialUpdate":true,"showSkybox":true,"showFlares":true,"showImageEffects":true,"showParticleSystems":true},"in2DMode":false,"pivot":{"x":-0.03355936333537102,"y":0.00673375278711319,"z":-0.24832473695278169},"rotation":{"x":-0.004173513036221266,"y":0.9874996542930603,"z":-0.15592755377292634,"w":-0.026064563542604448},"size":0.8262175917625427,"orthographic":false}