{"cameraMode":{"drawMode":0,"name":"Shaded","section":"Shading Mode"},"sceneLighting":true,"audioPlay":false,"sceneViewState":{"showFog":true,"showMaterialUpdate":true,"showSkybox":true,"showFlares":true,"showImageEffects":true,"showParticleSystems":true},"in2DMode":false,"pivot":{"x":-0.032985445111989978,"y":0.9827671051025391,"z":1.1771748065948487},"rotation":{"x":-0.008864276111125946,"y":0.9759543538093567,"z":-0.21415743231773377,"w":-0.04042872413992882},"size":1.5452344417572022,"orthographic":false}