{"cameraMode":{"drawMode":0,"name":"Shaded","section":"Shading Mode"},"sceneLighting":true,"audioPlay":false,"sceneViewState":{"showFog":true,"showMaterialUpdate":true,"showSkybox":false,"showFlares":true,"showImageEffects":true,"showParticleSystems":true},"in2DMode":false,"pivot":{"x":-0.0013060569763183594,"y":0.08900022506713867,"z":-0.008614540100097657},"rotation":{"x":-0.00745635898783803,"y":0.9749264717102051,"z":-0.22007116675376893,"w":-0.033063847571611407},"size":80.085693359375,"orthographic":false}