{"cameraMode":{"drawMode":0,"name":"Shaded","section":"Shading Mode"},"sceneLighting":true,"audioPlay":false,"sceneViewState":{"showFog":true,"showMaterialUpdate":true,"showSkybox":true,"showFlares":true,"showImageEffects":true,"showParticleSystems":true},"in2DMode":false,"pivot":{"x":-0.002584796631708741,"y":0.23334570229053498,"z":0.15990298986434937},"rotation":{"x":0.000867833849042654,"y":0.9915022850036621,"z":-0.13014058768749238,"w":0.006543130148202181},"size":0.2986755967140198,"orthographic":false}