{"cameraMode":{"drawMode":0,"name":"Shaded","section":"Shading Mode"},"sceneLighting":true,"audioPlay":false,"sceneViewState":{"showFog":true,"showMaterialUpdate":true,"showSkybox":true,"showFlares":true,"showImageEffects":true,"showParticleSystems":true},"in2DMode":false,"pivot":{"x":0.04336287081241608,"y":0.003957346081733704,"z":0.08402927964925766},"rotation":{"x":0.10978521406650543,"y":0.8160444498062134,"z":-0.16500627994537354,"w":0.5429674983024597},"size":0.2654741406440735,"orthographic":false}