{"cameraMode":{"drawMode":0,"name":"Shaded","section":"Shading Mode"},"sceneLighting":true,"audioPlay":false,"sceneViewState":{"showFog":true,"showMaterialUpdate":true,"showSkybox":true,"showFlares":true,"showImageEffects":true,"showParticleSystems":true},"in2DMode":false,"pivot":{"x":-0.781103789806366,"y":-0.46869462728500368,"z":0.4276866316795349},"rotation":{"x":-0.206401988863945,"y":0.5073668956756592,"z":-0.12656238675117494,"w":-0.8271896839141846},"size":1.1742806434631348,"orthographic":false}