{"cameraMode":{"drawMode":0,"name":"Shaded","section":"Shading Mode"},"sceneLighting":false,"audioPlay":false,"sceneViewState":{"showFog":true,"showMaterialUpdate":true,"showSkybox":false,"showFlares":true,"showImageEffects":true,"showParticleSystems":true},"in2DMode":false,"pivot":{"x":0.0002677440643310547,"y":0.6378374695777893,"z":-1.01920747756958},"rotation":{"x":-0.006594324484467506,"y":0.9932280778884888,"z":-0.0962468683719635,"w":-0.06653336435556412},"size":12.091490745544434,"orthographic":false}