{"cameraMode":{"drawMode":0,"name":"Shaded","section":"Shading Mode"},"sceneLighting":false,"audioPlay":false,"sceneViewState":{"showFog":true,"showMaterialUpdate":true,"showSkybox":false,"showFlares":true,"showImageEffects":true,"showParticleSystems":true},"in2DMode":false,"pivot":{"x":-2.995166063308716,"y":-2.979776382446289,"z":-3.16068172454834},"rotation":{"x":-0.04357260838150978,"y":0.9111423492431641,"z":-0.3974301517009735,"w":-0.09989317506551743},"size":12.091490745544434,"orthographic":false}