{"cameraMode":{"drawMode":0,"name":"Shaded","section":"Shading Mode"},"sceneLighting":false,"audioPlay":false,"sceneViewState":{"showFog":true,"showMaterialUpdate":true,"showSkybox":false,"showFlares":true,"showImageEffects":true,"showParticleSystems":true},"in2DMode":false,"pivot":{"x":-0.047753676772117618,"y":-0.4125008285045624,"z":0.022745240479707719},"rotation":{"x":-0.008218804374337197,"y":0.9095764756202698,"z":-0.4150719940662384,"w":-0.01801125705242157},"size":0.7260739207267761,"orthographic":false}