{"cameraMode":{"drawMode":0,"name":"Shaded","section":"Shading Mode"},"sceneLighting":false,"audioPlay":false,"sceneViewState":{"showFog":true,"showMaterialUpdate":true,"showSkybox":true,"showFlares":true,"showImageEffects":true,"showParticleSystems":true},"in2DMode":false,"pivot":{"x":-5.354314804077148,"y":-4.962465286254883,"z":-13.028097152709961},"rotation":{"x":-0.029454566538333894,"y":0.969715416431427,"z":-0.1906314492225647,"w":-0.1498320996761322},"size":19.306472778320314,"orthographic":false}