{"cameraMode":{"drawMode":0,"name":"Shaded","section":"Shading Mode"},"sceneLighting":false,"audioPlay":false,"sceneViewState":{"showFog":true,"showMaterialUpdate":true,"showSkybox":true,"showFlares":true,"showImageEffects":true,"showParticleSystems":true},"in2DMode":false,"pivot":{"x":3.3687846660614015,"y":0.6562161445617676,"z":-2.432088851928711},"rotation":{"x":-0.03129258751869202,"y":0.9682393074035645,"z":-0.1900394707918167,"w":-0.1594337671995163},"size":10.0,"orthographic":false}