{"cameraMode":{"drawMode":0,"name":"Shaded","section":"Shading Mode"},"sceneLighting":false,"audioPlay":false,"sceneViewState":{"showFog":true,"showMaterialUpdate":true,"showSkybox":false,"showFlares":true,"showImageEffects":true,"showParticleSystems":true},"in2DMode":false,"pivot":{"x":0.000565260648727417,"y":1.3462669849395753,"z":0.03887723386287689},"rotation":{"x":-0.014538383111357689,"y":0.9798914194107056,"z":-0.183183953166008,"w":-0.07776899635791779},"size":4.919421672821045,"orthographic":false}