{"cameraMode":{"drawMode":0,"name":"Shaded","section":"Shading Mode"},"sceneLighting":false,"audioPlay":false,"sceneViewState":{"showFog":true,"showMaterialUpdate":true,"showSkybox":false,"showFlares":true,"showImageEffects":true,"showParticleSystems":true},"in2DMode":false,"pivot":{"x":0.1770947426557541,"y":-0.6567105054855347,"z":-0.632487952709198},"rotation":{"x":-0.005462067201733589,"y":0.9339781403541565,"z":-0.35701119899749758,"w":-0.01429021917283535},"size":2.3433148860931398,"orthographic":false}