{"cameraMode":{"drawMode":0,"name":"Shaded","section":"Shading Mode"},"sceneLighting":false,"audioPlay":false,"sceneViewState":{"showFog":true,"showMaterialUpdate":true,"showSkybox":true,"showFlares":true,"showImageEffects":true,"showParticleSystems":true},"in2DMode":false,"pivot":{"x":618.0693969726563,"y":-137.93862915039063,"z":517.4835205078125},"rotation":{"x":-0.34008610248565676,"y":0.6587205529212952,"z":-0.44950562715530398,"w":-0.4983758330345154},"size":1413.5098876953125,"orthographic":false}