{"cameraMode":{"drawMode":0,"name":"Shaded","section":"Shading Mode"},"sceneLighting":false,"audioPlay":false,"sceneViewState":{"showFog":true,"showMaterialUpdate":true,"showSkybox":true,"showFlares":true,"showImageEffects":true,"showParticleSystems":true},"in2DMode":false,"pivot":{"x":-2.335604429244995,"y":-2.6752429008483888,"z":-10.317770004272461},"rotation":{"x":-0.014538383111357689,"y":0.9798914194107056,"z":-0.183183953166008,"w":-0.07776899635791779},"size":18.475093841552736,"orthographic":false}