{"cameraMode":{"drawMode":0,"name":"Shaded","section":"Shading Mode"},"sceneLighting":false,"audioPlay":false,"sceneViewState":{"showFog":true,"showMaterialUpdate":true,"showSkybox":false,"showFlares":true,"showImageEffects":true,"showParticleSystems":true},"in2DMode":false,"pivot":{"x":-0.4185781180858612,"y":-0.7227820754051209,"z":0.2284093052148819},"rotation":{"x":-0.34580352902412417,"y":0.4425399899482727,"z":-0.19003765285015107,"w":-0.8052796721458435},"size":2.140580892562866,"orthographic":false}