{"cameraMode":{"drawMode":0,"name":"Shaded","section":"Shading Mode"},"sceneLighting":false,"audioPlay":false,"sceneViewState":{"showFog":true,"showMaterialUpdate":true,"showSkybox":false,"showFlares":true,"showImageEffects":true,"showParticleSystems":true},"in2DMode":false,"pivot":{"x":0.46390300989151,"y":-0.7244728207588196,"z":-0.6382076144218445},"rotation":{"x":-0.20883451402187348,"y":0.7529975771903992,"z":-0.2826656997203827,"w":-0.5563200116157532},"size":1.5326576232910157,"orthographic":false}