{"cameraMode":{"drawMode":0,"name":"Shaded","section":"Shading Mode"},"sceneLighting":false,"audioPlay":false,"sceneViewState":{"showFog":true,"showMaterialUpdate":true,"showSkybox":true,"showFlares":true,"showImageEffects":true,"showParticleSystems":true},"in2DMode":false,"pivot":{"x":0.5685474872589111,"y":-6.218660354614258,"z":-13.28635025024414},"rotation":{"x":0.0034853580873459579,"y":0.9735972881317139,"z":-0.2277662456035614,"w":0.014898274093866349},"size":18.475093841552736,"orthographic":false}