{"cameraMode":{"drawMode":0,"name":"Shaded","section":"Shading Mode"},"sceneLighting":false,"audioPlay":false,"sceneViewState":{"showFog":true,"showMaterialUpdate":true,"showSkybox":true,"showFlares":true,"showImageEffects":true,"showParticleSystems":true},"in2DMode":false,"pivot":{"x":5.500634670257568,"y":-0.14792674779891969,"z":1.9830131530761719},"rotation":{"x":0.08490608632564545,"y":0.5701999664306641,"z":-0.059407904744148257,"w":0.8149697780609131},"size":12.091490745544434,"orthographic":false}